Workbook

Sheet How to Use
A1: Test Plan: Redblock Activation QA
A3: Sheet | B3: Purpose
A4: Test Cases | B4: One row per scenario. Fill the yellow columns with results for each IGA tool.
A5: Entitlement Matrix | B5: Every exposure × cardinality × value mode combination, with Create/Assign/Modify/Remove per IGA tool.
A6: Summary | B6: Pass/Fail/Blocked counts per IGA tool. Calculated automatically from the other sheets.
A7: Original Mapping | B7: Each row of the original test list and the new test IDs that cover it.
A9: Column / value | B9: Meaning
A10: Okta / Entra / SailPoint | B10: Result for that IGA tool: Not Run, Pass, Fail, Blocked, N/A (dropdown). Blank counts as Not Run.
A11: IGA Verified | B11: Yes = result confirmed directly in the upstream IGA tool, not only in the Redblock UI.
A12: API Log OK / Pipeline Log OK | B12: Yes = the request/response and each pipeline step were logged correctly for this test.
A13: Priority | B13: P1 = must pass before release; P2 = important; P3 = nice to have.
A14: Source | B14: Original test row this came from, or 'New' for cases added in the restructure.
A15: Notes / Bug Link | B15: Request IDs, error text, or ticket links.
... A18: Example row | B18: ACC-01 is filled in as an example of the expected format. Replace its values with your real results.

Sheet Summary
A1: Results Summary (auto-calculated)
A3: Test Cases
A4: Status | B4: Okta | C4: Entra | D4: SailPoint | E4: All tools
A5: Pass | B5: =COUNTIF('Test Cases'!I2:I90,"Pass") -> 0 | C5: =COUNTIF('Test Cases'!J2:J90,"Pass") -> 1 | D5: =COUNTIF('Test Cases'!K2:K90,"Pass") -> 0 | E5: =SUM(B5:D5) -> 1
A6: Fail | B6: =COUNTIF('Test Cases'!I2:I90,"Fail") -> 0 | C6: =COUNTIF('Test Cases'!J2:J90,"Fail") -> 0 | D6: =COUNTIF('Test Cases'!K2:K90,"Fail") -> 0 | E6: =SUM(B6:D6) -> 0
A7: Blocked | B7: =COUNTIF('Test Cases'!I2:I90,"Blocked") -> 0 | C7: =COUNTIF('Test Cases'!J2:J90,"Blocked") -> 0 | D7: =COUNTIF('Test Cases'!K2:K90,"Blocked") -> 0 | E7: =SUM(B7:D7) -> 0
A8: N/A | B8: =COUNTIF('Test Cases'!I2:I90,"N/A") -> 6 | C8: =COUNTIF('Test Cases'!J2:J90,"N/A") -> 5 | D8: =COUNTIF('Test Cases'!K2:K90,"N/A") -> 5 | E8: =SUM(B8:D8) -> 16
A9: Not Run (incl. blank) | B9: =COUNTA('Test Cases'!A2:A90)-SUM(B5:B8) -> 83 | C9: =COUNTA('Test Cases'!A2:A90)-SUM(C5:C8) -> 83 | D9: =COUNTA('Test Cases'!A2:A90)-SUM(D5:D8) -> 84 | E9: =SUM(B9:D9) -> 250
A10: Total | B10: =COUNTA('Test Cases'!A2:A90) -> 89 | C10: =COUNTA('Test Cases'!A2:A90) -> 89 | D10: =COUNTA('Test Cases'!A2:A90) -> 89 | E10: =SUM(B10:D10) -> 267
A11: Pass rate (excl. N/A) | B11: =IF((B10-B8)=0,0,B5/(B10-B8)) -> 0 | C11: =IF((C10-C8)=0,0,C5/(C10-C8)) -> 0.011904762 | D11: =IF((D10-D8)=0,0,D5/(D10-D8)) -> 0 | E11: =IF((E10-E8)=0,0,E5/(E10-E8)) -> 0.0039840637
A14: Entitlement Matrix (each config × 4 operations)
A15: Status | B15: Okta | C15: Entra | D15: SailPoint | E15: All tools
A16: Pass | B16: =COUNTIF('Entitlement Matrix'!F2:I21,"Pass") -> 0 | C16: =COUNTIF('Entitlement Matrix'!J2:M21,"Pass") -> 0 | D16: =COUNTIF('Entitlement Matrix'!N2:Q21,"Pass") -> 0 | E16: =SUM(B16:D16) -> 0
A17: Fail | B17: =COUNTIF('Entitlement Matrix'!F2:I21,"Fail") -> 0 | C17: =COUNTIF('Entitlement Matrix'!J2:M21,"Fail") -> 0 | D17: =COUNTIF('Entitlement Matrix'!N2:Q21,"Fail") -> 0 | E17: =SUM(B17:D17) -> 0
A18: Blocked | B18: =COUNTIF('Entitlement Matrix'!F2:I21,"Blocked") -> 0 | C18: =COUNTIF('Entitlement Matrix'!J2:M21,"Blocked") -> 0 | D18: =COUNTIF('Entitlement Matrix'!N2:Q21,"Blocked") -> 0 | E18: =SUM(B18:D18) -> 0
A19: N/A | B19: =COUNTIF('Entitlement Matrix'!F2:I21,"N/A") -> 0 | C19: =COUNTIF('Entitlement Matrix'!J2:M21,"N/A") -> 0 | D19: =COUNTIF('Entitlement Matrix'!N2:Q21,"N/A") -> 0 | E19: =SUM(B19:D19) -> 0
A20: Not Run (incl. blank) | B20: =COUNTA('Entitlement Matrix'!A2:A21)*4-SUM(B16:B19) -> 80 | C20: =COUNTA('Entitlement Matrix'!A2:A21)*4-SUM(C16:C19) -> 80 | D20: =COUNTA('Entitlement Matrix'!A2:A21)*4-SUM(D16:D19) -> 80 | E20: =SUM(B20:D20) -> 240
A21: Total | B21: =COUNTA('Entitlement Matrix'!A2:A21)*4 -> 80 | C21: =COUNTA('Entitlement Matrix'!A2:A21)*4 -> 80 | D21: =COUNTA('Entitlement Matrix'!A2:A21)*4 -> 80 | E21: =SUM(B21:D21) -> 240
A22: Pass rate (excl. N/A) | B22: =IF((B21-B19)=0,0,B16/(B21-B19)) -> 0 | C22: =IF((C21-C19)=0,0,C16/(C21-C19)) -> 0 | D22: =IF((D21-D19)=0,0,D16/(D21-D19)) -> 0 | E22: =IF((E21-E19)=0,0,E16/(E21-E19)) -> 0
A25: Not Run = total minus Pass, Fail, Blocked and N/A. Pass rate excludes N/A.
A27: Open P1 failures (Test Cases)
B28: Okta | C28: Entra | D28: SailPoint
A29: P1 cases with Fail | B29: =COUNTIFS('Test Cases'!H2:H90,"P1",'Test Cases'!I2:I90,"Fail") -> 0 | C29: =COUNTIFS('Test Cases'!H2:H90,"P1",'Test Cases'!J2:J90,"Fail") -> 0 | D29: =COUNTIFS('Test Cases'!H2:H90,"P1",'Test Cases'!K2:K90,"Fail") -> 0

Sheet Test Cases
A1: ID | B1: Section | C1: Area | D1: Scenario | E1: Preconditions | F1: Steps | G1: Expected Result | H1: Priority | I1: Okta | J1: Entra | K1: SailPoint | L1: IGA Verified | M1: API Log OK | N1: Pipeline Log OK | O1: Notes / Bug Link | P1: Source
A2: CON-01 | B2: Connectivity & Tools | C2: Tools | D2: Connect downstream tool using every supported auth flow (API token, OAuth client credentials, basic auth) | E2: Valid credentials for each flow | F2: 1. Create tool with each auth flow 2. Test connection 3. Use the tool in an activation HTTP node | G2: Each flow connects; tool is selectable and usable in pipelines | H2: P1 | P2: Tools
A3: CON-02 | B3: Connectivity & Tools | C3: Tools | D3: OAuth token expiry and auto-refresh during pipeline runs | E3: OAuth tool with short-lived token (e.g. 30 min) | F3: 1. Run an operation 2. Wait past token expiry 3. Run again | G3: New token fetched automatically; no 401 from downstream | H3: P1 | P3: New
A4: CON-03 | B4: Connectivity & Tools | C4: Tools | D4: Invalid or rotated credentials | E4: Tool connected | F4: 1. Rotate/revoke secret in target app 2. Run an operation | G4: Clear auth error in API and pipeline logs; no partial writes | H4: P2 | P4: New
A5: CON-04 | B5: Connectivity & Tools | C5: JDBC | D5: JDBC connectivity and operations: MySQL | E5: MySQL instance | F5: Connect, run create/get/update/delete operations | G5: Consistent behavior with other databases | H5: P2 | P5: Multiple Database Support (JDBC)
A6: CON-05 | B6: Connectivity & Tools | C6: JDBC | D6: JDBC connectivity and operations: Oracle | E6: Oracle instance | F6: Connect, run create/get/update/delete operations | G6: Consistent behavior with other databases | H6: P2 | P6: Multiple Database Support (JDBC)
A7: CON-06 | B7: Connectivity & Tools | C7: JDBC | D7: JDBC connectivity and operations: PostgreSQL | E7: PostgreSQL instance | F7: Connect, run create/get/update/delete operations | G7: Consistent behavior with other databases | H7: P2 | P7: Multiple Database Support (JDBC)
A8: CON-07 | B8: Connectivity & Tools | C8: JDBC | D8: JDBC connectivity and operations: MS SQL Server | E8: SQL Server instance | F8: Connect, run create/get/update/delete operations | G8: Consistent behavior with other databases | H8: P2 | P8: Multiple Database Support (JDBC)
A9: CON-08 | B9: Connectivity & Tools | C9: REST templates | D9: REST pipeline using manual template | E9: REST tool connected | F9: Build operations from manual template and run them | G9: All operations execute and return expected output | H9: P2 | P9: Pipeline Template Type (REST)
A10: CON-09 | B10: Connectivity & Tools | C10: REST templates | D10: REST pipeline using automated template | E10: REST tool connected | F10: Generate operations from automated template and run them | G10: All generated operations execute and return expected output | H10: P2 | P10: Pipeline Template Type (REST)
A11: CON-10 | B11: Connectivity & Tools | C11: SCIM connection | D11: IGA tool connects to Redblock SCIM endpoint | E11: Activation live, API key generated | F11: 1. Configure tenant URL + API key in IGA tool 2. Test connection | G11: Test connection succeeds; request visible in API logs | H11: P1 | P11: New
A12: ACC-01 | B12: Account Lifecycle | C12: Create | D12: Create new user with a role assigned | E12: User exists in IGA, not in target | F12: Assign user (with role) to the app in the IGA tool | G12: User created in target with correct attributes and role; SCIM response contains generated id | H12: P1 | I12: Not Run | J12: Pass | K12: Not Run | L12: Yes | M12: Yes | N12: Yes | O12: EXAMPLE: Entra on-demand, user created with role 'agent'. req-xxxx | P12: Okta / Entra / SailPoint
A13: ACC-02 | B13: Account Lifecycle | C13: Create | D13: Create user with no role / default access | E13: User without role assignment | F13: Assign user to the app without a role | G13: Defined behavior: created with default role OR clear error (document which) | H13: P2 | P13: New
A14: ACC-03 | B14: Account Lifecycle | C14: Create | D14: Create user that already exists in target | E14: User already present in target | F14: Assign user to the app | G14: Existing user matched; no duplicate created | H14: P1 | P14: New
A15: ACC-04 | B15: Account Lifecycle | C15: Update | D15: Update user attributes (name, email) | E15: Provisioned user | F15: Change attributes in IGA and sync | G15: Only changed attributes updated in target | H15: P1 | P15: Okta / Entra / SailPoint
A16: ACC-05 | B16: Account Lifecycle | C16: Deactivate | D16: Deactivate user (active=false) | E16: Active provisioned user | F16: Disable/unassign per IGA flow | G16: User suspended/deactivated in target | H16: P1 | P16: Okta / Entra / SailPoint
A17: ACC-06 | B17: Account Lifecycle | C17: Activate | D17: Reactivate a deactivated user | E17: Deactivated user | F17: Re-enable in IGA | G17: User active again in target, role intact | H17: P1 | P17: Okta / Entra / SailPoint
A18: ACC-07 | B18: Account Lifecycle | C18: Remove | D18: Delete / deprovision user | E18: Provisioned user | F18: Remove assignment / delete in IGA | G18: User removed in target using correct target ID | H18: P1 | P18: Okta / Entra / SailPoint
A19: ACC-08 | B19: Account Lifecycle | C19: Create | D19: Re-create a previously deleted user | E19: User deleted earlier | F19: Assign user again | G19: New account created cleanly; no stale ID conflicts | H19: P2 | P19: New
A20: ACC-09 | B20: Account Lifecycle | C20: Get | D20: GET /Users?filter=userName eq existing user | E20: User exists in target | F20: Send filtered GET (or trigger via IGA) | G20: 200 with totalResults 1 and correct user | H20: P1 | P20: Agent APIs (Logs > API)
A21: ACC-10 | B21: Account Lifecycle | C21: Get | D21: GET /Users?filter=userName eq non-existent user | E21: User not in target | F21: Send filtered GET | G21: 200 with totalResults 0 and empty Resources (not 404/500) | H21: P1 | P21: New
A22: ACC-11 | B22: Account Lifecycle | C22: Get | D22: GET /Users/{id} | E22: User exists | F22: Send GET by id | G22: 200 with correct user | H22: P1 | P22: New
A23: ACC-12 | B23: Account Lifecycle | C23: Aggregation | D23: Account aggregation with pagination | E23: More users than one page | F23: Run account aggregation | G23: All users aggregated; count matches target; startIndex/count honored | H23: P1 | P23: Agent APIs (Logs > API)
A24: ROL-01 | B24: Roles | C24: Assign | D24: Assign role at user creation | E24: Role exists in target | F24: Create user with role | G24: User has the role in target | H24: P1 | P24: Roles
... A82: NEG-06 | B82: Negative & Error Handling | C82: Auth | D82: Invalid or missing API key | E82: None | F82: Call SCIM endpoint with bad key | G82: 401; nothing executed | H82: P1 | P82: New
A83: IGA-01 | B83: IGA-Specific | C83: Entra | D83: Role via SingleAppRoleAssignment mapping | E83: App roles created in App registration | F83: Assign user with app role | G83: Role reaches pipeline input and target | H83: P1 | I83: N/A | K83: N/A | P83: Entra
A84: IGA-02 | B84: IGA-Specific | C84: Entra | D84: Provision on demand vs scheduled cycle | E84: Provisioning on | F84: Run on-demand; then wait for cycle | G84: Both succeed; on-demand limitations documented | H84: P1 | I84: N/A | K84: N/A | P84: Entra
A85: IGA-03 | B85: IGA-Specific | C85: Entra | D85: Scope: sync only assigned users and groups | E85: Scope configured | F85: Assign/unassign users | G85: Only assigned users provisioned | H85: P2 | I85: N/A | K85: N/A | P85: Entra
A86: IGA-04 | B86: IGA-Specific | C86: Okta | D86: Push groups | E86: Okta app with group push | F86: Push a group; change membership | G86: Group and membership synced | H86: P1 | J86: N/A | K86: N/A | P86: Okta
A87: IGA-05 | B87: IGA-Specific | C87: Okta | D87: Profile updates pushed | E87: Provisioned user | F87: Change profile attribute in Okta | G87: Update reaches target | H87: P1 | J87: N/A | K87: N/A | P87: Okta
A88: IGA-06 | B88: IGA-Specific | C88: SailPoint | D88: Account aggregation | E88: Source configured | F88: Run account aggregation | G88: All accounts aggregated and correlated | H88: P1 | I88: N/A | J88: N/A | P88: SailPoint
A89: IGA-07 | B89: IGA-Specific | C89: SailPoint | D89: Entitlement aggregation | E89: Source configured | F89: Run entitlement aggregation | G89: All entitlements aggregated | H89: P1 | I89: N/A | J89: N/A | P89: SailPoint
A90: IGA-08 | B90: IGA-Specific | C90: SailPoint | D90: Access request provisioning | E90: Access profile/role configured | F90: Request access for a user | G90: Entitlement provisioned in target | H90: P1 | I90: N/A | J90: N/A | P90: SailPoint

Sheet Entitlement Matrix
A1: Config ID | B1: Exposure (Expose via SCIM as) | C1: Cardinality | D1: Value Mode | E1: Priority | F1: Okta - Create | G1: Okta - Assign | H1: Okta - Modify | I1: Okta - Remove | J1: Entra - Create | K1: Entra - Assign | L1: Entra - Modify | M1: Entra - Remove | N1: SailPoint - Create | O1: SailPoint - Assign | P1: SailPoint - Modify | Q1: SailPoint - Remove | R1: Notes / Bug Link
A2: EM-01 | B2: Roles | C2: Single-value | D2: Static | E2: P1
A3: EM-02 | B3: Roles | C3: Single-value | D3: Dynamic | E3: P1
A4: EM-03 | B4: Roles | C4: Multi-value | D4: Static | E4: P1
A5: EM-04 | B5: Roles | C5: Multi-value | D5: Dynamic | E5: P1
A6: EM-05 | B6: Groups | C6: Single-value | D6: Static | E6: P1
A7: EM-06 | B7: Groups | C7: Single-value | D7: Dynamic | E7: P1
A8: EM-07 | B8: Groups | C8: Multi-value | D8: Static | E8: P1
A9: EM-08 | B9: Groups | C9: Multi-value | D9: Dynamic | E9: P1
A10: EM-09 | B10: Roles + Groups (multi type) | C10: Single-value | D10: Static | E10: P2
A11: EM-10 | B11: Roles + Groups (multi type) | C11: Single-value | D11: Dynamic | E11: P2
A12: EM-11 | B12: Roles + Groups (multi type) | C12: Multi-value | D12: Static | E12: P2
A13: EM-12 | B13: Roles + Groups (multi type) | C13: Multi-value | D13: Dynamic | E13: P2
... A21: EM-20 | B21: Roles + Roles (multi type) | C21: Multi-value | D21: Dynamic | E21: P2
A23: Note: for multi-type configurations, cardinality and value mode apply to both entitlement types. If time is limited, run every configuration on one IGA tool and P1 rows on the others.

Sheet Original Mapping
A1: Original row | B1: New test IDs | C1: What changed
A2: Roles | B2: ROL-01 to ROL-07 | C2: Split into assign/modify/remove plus aggregation, mapping and negative cases; IGA tools moved to columns
A3: Entitlement Types - Creation & Removal | B3: ENT-01, ENT-02 | C3: IGA tools moved to columns
A4: Entitlements Types - Cardinality | B4: ENT-05, ENT-06, Entitlement Matrix | C4: Merged with Value Mode (they duplicated the same combination test)
A5: Entitlements Types - Value Mode | B5: ENT-07, ENT-08, Entitlement Matrix | C5: Merged with Cardinality
A6: Entitlements - Expose via SCIM as Roles | B6: Entitlement Matrix EM-01 to EM-04 | C6: One matrix instead of five near-identical rows
A7: Entitlements - Expose via SCIM as Groups | B7: Entitlement Matrix EM-05 to EM-08 | C7: As above
A8: Entitlements - Multi Type (Roles + Groups) | B8: Entitlement Matrix EM-09 to EM-12 | C8: As above
A9: Entitlements - Multi Type (Both Groups) | B9: Entitlement Matrix EM-13 to EM-16 | C9: As above
A10: Entitlements - Multi Type (Both Roles) | B10: Entitlement Matrix EM-17 to EM-20 | C10: As above
A11: Groups | B11: GRP-01 to GRP-07 | C11: Split by operation; group-based assignment and negative lookup added
A12: Pattern Rules - Simple | B12: PAT-01, PAT-02 | C12: Split into separate cases
... A33: (new) | B33: ACC-02, ACC-03, ACC-08, ACC-10, ACC-11, ROL-05 to ROL-07, GRP-06, GRP-07, ENT-03, PIP-04 to PIP-06, NEG-01 to NEG-06, CON-02, CON-03, CON-10 | C33: Gaps found in real testing: missing input mappings, create ID, empty filter results, unsupported endpoints, target errors
