Workbook

Sheet How to Use
A1: redflow AI Test Cases
A3: What this covers | B3: Only the AI side: (1) turning a video / PDF / screenshots into a redflow, and (2) the Agent following that redflow on a live page. UI pages (Agent list, settings, uploads) are out of scope.
A4: Your cases | B4: Your 64 cases are kept unchanged (Source = Yours). New cases fill gaps: URL line, missing steps, noise, ambiguous/small/large elements, other controls, INTENT, syntax, parameters, input types, instructions, input quality, determinism, export flows, and runtime behaviour (Source = New).
A5: How to run a generation case | B5: Prepare the input described in Scenario, generate, then compare the redflow with Expected output. It fails if anything in Failure signal appears.
A6: How to run a runtime case (RUN-*) | B6: Execute the redflow on the live app and check Body Cam and the app state against Expected output.
A7: Fill in (yellow) | B7: Status, and for generation cases the step counts (Steps in input, Steps generated, Steps missed, Extra steps) plus Ran first time? (Y/N). Summary turns these into recall, precision and first-run success rate.
A8: Example | B8: CMP-P1 | Status: Fail | Steps in input 12 | Generated 11 | Missed 1 | Extra 0 | Ran first time N | Notes: 'Next on page 2 of wizard missing'
A9: Type | B9: Positive = the feature should be used. Negative = it should NOT be used (checks over-generation). Edge = tricky variant.

Sheet Summary
A1: redflow AI Test Cases - Summary
A2: Updates automatically from the AI Test Cases sheet.
A4: Section | B4: Area | C4: Cases | D4: Positive | E4: Negative | F4: Edge | G4: Pass | H4: Fail | I4: Blocked | J4: Not Run | K4: Pass % of executed
A5: A. Generation - action steps | B5: URL (target definition) | C5: =COUNTIFS('AI Test Cases'!$B$2:$B$161,A5,'AI Test Cases'!$C$2:$C$161,B5) -> 4 | D5: =COUNTIFS('AI Test Cases'!$B$2:$B$161,A5,'AI Test Cases'!$C$2:$C$161,B5,'AI Test Cases'!$D$2:$D$161,"Positive") -> 1 | E5: =COUNTIFS('AI Test Cases'!$B$2:$B$161,A5,'AI Test Cases'!$C$2:$C$161,B5,'AI Test Cases'!$D$2:$D$161,"Negative") -> 1 | F5: =COUNTIFS('AI Test Cases'!$B$2:$B$161,A5,'AI Test Cases'!$C$2:$C$161,B5,'AI Test Cases'!$D$2:$D$161,"Edge") -> 2 | G5: =COUNTIFS('AI Test Cases'!$B$2:$B$161,A5,'AI Test Cases'!$C$2:$C$161,B5,'AI Test Cases'!$J$2:$J$161,"Pass") -> 0 | H5: =COUNTIFS('AI Test Cases'!$B$2:$B$161,A5,'AI Test Cases'!$C$2:$C$161,B5,'AI Test Cases'!$J$2:$J$161,"Fail") -> 0 | I5: =COUNTIFS('AI Test Cases'!$B$2:$B$161,A5,'AI Test Cases'!$C$2:$C$161,B5,'AI Test Cases'!$J$2:$J$161,"Blocked") -> 0 | J5: =COUNTIFS('AI Test Cases'!$B$2:$B$161,A5,'AI Test Cases'!$C$2:$C$161,B5,'AI Test Cases'!$J$2:$J$161,"Not Run") -> 4 | K5: =IF(G5+H5=0,0,G5/(G5+H5)) -> 0
A6: A. Generation - action steps | B6: Step completeness | C6: =COUNTIFS('AI Test Cases'!$B$2:$B$161,A6,'AI Test Cases'!$C$2:$C$161,B6) -> 5 | D6: =COUNTIFS('AI Test Cases'!$B$2:$B$161,A6,'AI Test Cases'!$C$2:$C$161,B6,'AI Test Cases'!$D$2:$D$161,"Positive") -> 1 | E6: =COUNTIFS('AI Test Cases'!$B$2:$B$161,A6,'AI Test Cases'!$C$2:$C$161,B6,'AI Test Cases'!$D$2:$D$161,"Negative") -> 1 | F6: =COUNTIFS('AI Test Cases'!$B$2:$B$161,A6,'AI Test Cases'!$C$2:$C$161,B6,'AI Test Cases'!$D$2:$D$161,"Edge") -> 3 | G6: =COUNTIFS('AI Test Cases'!$B$2:$B$161,A6,'AI Test Cases'!$C$2:$C$161,B6,'AI Test Cases'!$J$2:$J$161,"Pass") -> 0 | H6: =COUNTIFS('AI Test Cases'!$B$2:$B$161,A6,'AI Test Cases'!$C$2:$C$161,B6,'AI Test Cases'!$J$2:$J$161,"Fail") -> 0 | I6: =COUNTIFS('AI Test Cases'!$B$2:$B$161,A6,'AI Test Cases'!$C$2:$C$161,B6,'AI Test Cases'!$J$2:$J$161,"Blocked") -> 0 | J6: =COUNTIFS('AI Test Cases'!$B$2:$B$161,A6,'AI Test Cases'!$C$2:$C$161,B6,'AI Test Cases'!$J$2:$J$161,"Not Run") -> 5 | K6: =IF(G6+H6=0,0,G6/(G6+H6)) -> 0
A7: A. Generation - action steps | B7: Noise filtering | C7: =COUNTIFS('AI Test Cases'!$B$2:$B$161,A7,'AI Test Cases'!$C$2:$C$161,B7) -> 7 | D7: =COUNTIFS('AI Test Cases'!$B$2:$B$161,A7,'AI Test Cases'!$C$2:$C$161,B7,'AI Test Cases'!$D$2:$D$161,"Positive") -> 1 | E7: =COUNTIFS('AI Test Cases'!$B$2:$B$161,A7,'AI Test Cases'!$C$2:$C$161,B7,'AI Test Cases'!$D$2:$D$161,"Negative") -> 1 | F7: =COUNTIFS('AI Test Cases'!$B$2:$B$161,A7,'AI Test Cases'!$C$2:$C$161,B7,'AI Test Cases'!$D$2:$D$161,"Edge") -> 5 | G7: =COUNTIFS('AI Test Cases'!$B$2:$B$161,A7,'AI Test Cases'!$C$2:$C$161,B7,'AI Test Cases'!$J$2:$J$161,"Pass") -> 0 | H7: =COUNTIFS('AI Test Cases'!$B$2:$B$161,A7,'AI Test Cases'!$C$2:$C$161,B7,'AI Test Cases'!$J$2:$J$161,"Fail") -> 0 | I7: =COUNTIFS('AI Test Cases'!$B$2:$B$161,A7,'AI Test Cases'!$C$2:$C$161,B7,'AI Test Cases'!$J$2:$J$161,"Blocked") -> 0 | J7: =COUNTIFS('AI Test Cases'!$B$2:$B$161,A7,'AI Test Cases'!$C$2:$C$161,B7,'AI Test Cases'!$J$2:$J$161,"Not Run") -> 7 | K7: =IF(G7+H7=0,0,G7/(G7+H7)) -> 0
A8: A. Generation - action steps | B8: CLICK / HOVER | C8: =COUNTIFS('AI Test Cases'!$B$2:$B$161,A8,'AI Test Cases'!$C$2:$C$161,B8) -> 3 | D8: =COUNTIFS('AI Test Cases'!$B$2:$B$161,A8,'AI Test Cases'!$C$2:$C$161,B8,'AI Test Cases'!$D$2:$D$161,"Positive") -> 1 | E8: =COUNTIFS('AI Test Cases'!$B$2:$B$161,A8,'AI Test Cases'!$C$2:$C$161,B8,'AI Test Cases'!$D$2:$D$161,"Negative") -> 1 | F8: =COUNTIFS('AI Test Cases'!$B$2:$B$161,A8,'AI Test Cases'!$C$2:$C$161,B8,'AI Test Cases'!$D$2:$D$161,"Edge") -> 1 | G8: =COUNTIFS('AI Test Cases'!$B$2:$B$161,A8,'AI Test Cases'!$C$2:$C$161,B8,'AI Test Cases'!$J$2:$J$161,"Pass") -> 0 | H8: =COUNTIFS('AI Test Cases'!$B$2:$B$161,A8,'AI Test Cases'!$C$2:$C$161,B8,'AI Test Cases'!$J$2:$J$161,"Fail") -> 0 | I8: =COUNTIFS('AI Test Cases'!$B$2:$B$161,A8,'AI Test Cases'!$C$2:$C$161,B8,'AI Test Cases'!$J$2:$J$161,"Blocked") -> 0 | J8: =COUNTIFS('AI Test Cases'!$B$2:$B$161,A8,'AI Test Cases'!$C$2:$C$161,B8,'AI Test Cases'!$J$2:$J$161,"Not Run") -> 3 | K8: =IF(G8+H8=0,0,G8/(G8+H8)) -> 0
A9: A. Generation - action steps | B9: HOVER | C9: =COUNTIFS('AI Test Cases'!$B$2:$B$161,A9,'AI Test Cases'!$C$2:$C$161,B9) -> 3 | D9: =COUNTIFS('AI Test Cases'!$B$2:$B$161,A9,'AI Test Cases'!$C$2:$C$161,B9,'AI Test Cases'!$D$2:$D$161,"Positive") -> 1 | E9: =COUNTIFS('AI Test Cases'!$B$2:$B$161,A9,'AI Test Cases'!$C$2:$C$161,B9,'AI Test Cases'!$D$2:$D$161,"Negative") -> 1 | F9: =COUNTIFS('AI Test Cases'!$B$2:$B$161,A9,'AI Test Cases'!$C$2:$C$161,B9,'AI Test Cases'!$D$2:$D$161,"Edge") -> 1 | G9: =COUNTIFS('AI Test Cases'!$B$2:$B$161,A9,'AI Test Cases'!$C$2:$C$161,B9,'AI Test Cases'!$J$2:$J$161,"Pass") -> 0 | H9: =COUNTIFS('AI Test Cases'!$B$2:$B$161,A9,'AI Test Cases'!$C$2:$C$161,B9,'AI Test Cases'!$J$2:$J$161,"Fail") -> 0 | I9: =COUNTIFS('AI Test Cases'!$B$2:$B$161,A9,'AI Test Cases'!$C$2:$C$161,B9,'AI Test Cases'!$J$2:$J$161,"Blocked") -> 0 | J9: =COUNTIFS('AI Test Cases'!$B$2:$B$161,A9,'AI Test Cases'!$C$2:$C$161,B9,'AI Test Cases'!$J$2:$J$161,"Not Run") -> 3 | K9: =IF(G9+H9=0,0,G9/(G9+H9)) -> 0
A10: A. Generation - action steps | B10: Element description | C10: =COUNTIFS('AI Test Cases'!$B$2:$B$161,A10,'AI Test Cases'!$C$2:$C$161,B10) -> 8 | D10: =COUNTIFS('AI Test Cases'!$B$2:$B$161,A10,'AI Test Cases'!$C$2:$C$161,B10,'AI Test Cases'!$D$2:$D$161,"Positive") -> 1 | E10: =COUNTIFS('AI Test Cases'!$B$2:$B$161,A10,'AI Test Cases'!$C$2:$C$161,B10,'AI Test Cases'!$D$2:$D$161,"Negative") -> 1 | F10: =COUNTIFS('AI Test Cases'!$B$2:$B$161,A10,'AI Test Cases'!$C$2:$C$161,B10,'AI Test Cases'!$D$2:$D$161,"Edge") -> 6 | G10: =COUNTIFS('AI Test Cases'!$B$2:$B$161,A10,'AI Test Cases'!$C$2:$C$161,B10,'AI Test Cases'!$J$2:$J$161,"Pass") -> 0 | H10: =COUNTIFS('AI Test Cases'!$B$2:$B$161,A10,'AI Test Cases'!$C$2:$C$161,B10,'AI Test Cases'!$J$2:$J$161,"Fail") -> 0 | I10: =COUNTIFS('AI Test Cases'!$B$2:$B$161,A10,'AI Test Cases'!$C$2:$C$161,B10,'AI Test Cases'!$J$2:$J$161,"Blocked") -> 0 | J10: =COUNTIFS('AI Test Cases'!$B$2:$B$161,A10,'AI Test Cases'!$C$2:$C$161,B10,'AI Test Cases'!$J$2:$J$161,"Not Run") -> 8 | K10: =IF(G10+H10=0,0,G10/(G10+H10)) -> 0
A11: A. Generation - action steps | B11: UI controls | C11: =COUNTIFS('AI Test Cases'!$B$2:$B$161,A11,'AI Test Cases'!$C$2:$C$161,B11) -> 8 | D11: =COUNTIFS('AI Test Cases'!$B$2:$B$161,A11,'AI Test Cases'!$C$2:$C$161,B11,'AI Test Cases'!$D$2:$D$161,"Positive") -> 1 | E11: =COUNTIFS('AI Test Cases'!$B$2:$B$161,A11,'AI Test Cases'!$C$2:$C$161,B11,'AI Test Cases'!$D$2:$D$161,"Negative") -> 1 | F11: =COUNTIFS('AI Test Cases'!$B$2:$B$161,A11,'AI Test Cases'!$C$2:$C$161,B11,'AI Test Cases'!$D$2:$D$161,"Edge") -> 6 | G11: =COUNTIFS('AI Test Cases'!$B$2:$B$161,A11,'AI Test Cases'!$C$2:$C$161,B11,'AI Test Cases'!$J$2:$J$161,"Pass") -> 0 | H11: =COUNTIFS('AI Test Cases'!$B$2:$B$161,A11,'AI Test Cases'!$C$2:$C$161,B11,'AI Test Cases'!$J$2:$J$161,"Fail") -> 0 | I11: =COUNTIFS('AI Test Cases'!$B$2:$B$161,A11,'AI Test Cases'!$C$2:$C$161,B11,'AI Test Cases'!$J$2:$J$161,"Blocked") -> 0 | J11: =COUNTIFS('AI Test Cases'!$B$2:$B$161,A11,'AI Test Cases'!$C$2:$C$161,B11,'AI Test Cases'!$J$2:$J$161,"Not Run") -> 8 | K11: =IF(G11+H11=0,0,G11/(G11+H11)) -> 0
A12: A. Generation - action steps | B12: Variables & INTENT | C12: =COUNTIFS('AI Test Cases'!$B$2:$B$161,A12,'AI Test Cases'!$C$2:$C$161,B12) -> 3 | D12: =COUNTIFS('AI Test Cases'!$B$2:$B$161,A12,'AI Test Cases'!$C$2:$C$161,B12,'AI Test Cases'!$D$2:$D$161,"Positive") -> 1 | E12: =COUNTIFS('AI Test Cases'!$B$2:$B$161,A12,'AI Test Cases'!$C$2:$C$161,B12,'AI Test Cases'!$D$2:$D$161,"Negative") -> 1 | F12: =COUNTIFS('AI Test Cases'!$B$2:$B$161,A12,'AI Test Cases'!$C$2:$C$161,B12,'AI Test Cases'!$D$2:$D$161,"Edge") -> 1 | G12: =COUNTIFS('AI Test Cases'!$B$2:$B$161,A12,'AI Test Cases'!$C$2:$C$161,B12,'AI Test Cases'!$J$2:$J$161,"Pass") -> 0 | H12: =COUNTIFS('AI Test Cases'!$B$2:$B$161,A12,'AI Test Cases'!$C$2:$C$161,B12,'AI Test Cases'!$J$2:$J$161,"Fail") -> 0 | I12: =COUNTIFS('AI Test Cases'!$B$2:$B$161,A12,'AI Test Cases'!$C$2:$C$161,B12,'AI Test Cases'!$J$2:$J$161,"Blocked") -> 0 | J12: =COUNTIFS('AI Test Cases'!$B$2:$B$161,A12,'AI Test Cases'!$C$2:$C$161,B12,'AI Test Cases'!$J$2:$J$161,"Not Run") -> 3 | K12: =IF(G12+H12=0,0,G12/(G12+H12)) -> 0
A13: A. Generation - action steps | B13: Execution parameters | C13: =COUNTIFS('AI Test Cases'!$B$2:$B$161,A13,'AI Test Cases'!$C$2:$C$161,B13) -> 5 | D13: =COUNTIFS('AI Test Cases'!$B$2:$B$161,A13,'AI Test Cases'!$C$2:$C$161,B13,'AI Test Cases'!$D$2:$D$161,"Positive") -> 1 | E13: =COUNTIFS('AI Test Cases'!$B$2:$B$161,A13,'AI Test Cases'!$C$2:$C$161,B13,'AI Test Cases'!$D$2:$D$161,"Negative") -> 1 | F13: =COUNTIFS('AI Test Cases'!$B$2:$B$161,A13,'AI Test Cases'!$C$2:$C$161,B13,'AI Test Cases'!$D$2:$D$161,"Edge") -> 3 | G13: =COUNTIFS('AI Test Cases'!$B$2:$B$161,A13,'AI Test Cases'!$C$2:$C$161,B13,'AI Test Cases'!$J$2:$J$161,"Pass") -> 0 | H13: =COUNTIFS('AI Test Cases'!$B$2:$B$161,A13,'AI Test Cases'!$C$2:$C$161,B13,'AI Test Cases'!$J$2:$J$161,"Fail") -> 0 | I13: =COUNTIFS('AI Test Cases'!$B$2:$B$161,A13,'AI Test Cases'!$C$2:$C$161,B13,'AI Test Cases'!$J$2:$J$161,"Blocked") -> 0 | J13: =COUNTIFS('AI Test Cases'!$B$2:$B$161,A13,'AI Test Cases'!$C$2:$C$161,B13,'AI Test Cases'!$J$2:$J$161,"Not Run") -> 5 | K13: =IF(G13+H13=0,0,G13/(G13+H13)) -> 0
A14: A. Generation - action steps | B14: INTENT | C14: =COUNTIFS('AI Test Cases'!$B$2:$B$161,A14,'AI Test Cases'!$C$2:$C$161,B14) -> 4 | D14: =COUNTIFS('AI Test Cases'!$B$2:$B$161,A14,'AI Test Cases'!$C$2:$C$161,B14,'AI Test Cases'!$D$2:$D$161,"Positive") -> 1 | E14: =COUNTIFS('AI Test Cases'!$B$2:$B$161,A14,'AI Test Cases'!$C$2:$C$161,B14,'AI Test Cases'!$D$2:$D$161,"Negative") -> 1 | F14: =COUNTIFS('AI Test Cases'!$B$2:$B$161,A14,'AI Test Cases'!$C$2:$C$161,B14,'AI Test Cases'!$D$2:$D$161,"Edge") -> 2 | G14: =COUNTIFS('AI Test Cases'!$B$2:$B$161,A14,'AI Test Cases'!$C$2:$C$161,B14,'AI Test Cases'!$J$2:$J$161,"Pass") -> 0 | H14: =COUNTIFS('AI Test Cases'!$B$2:$B$161,A14,'AI Test Cases'!$C$2:$C$161,B14,'AI Test Cases'!$J$2:$J$161,"Fail") -> 0 | I14: =COUNTIFS('AI Test Cases'!$B$2:$B$161,A14,'AI Test Cases'!$C$2:$C$161,B14,'AI Test Cases'!$J$2:$J$161,"Blocked") -> 0 | J14: =COUNTIFS('AI Test Cases'!$B$2:$B$161,A14,'AI Test Cases'!$C$2:$C$161,B14,'AI Test Cases'!$J$2:$J$161,"Not Run") -> 4 | K14: =IF(G14+H14=0,0,G14/(G14+H14)) -> 0
A15: A. Generation - action steps | B15: FILL vs FILL_AND_ENTER | C15: =COUNTIFS('AI Test Cases'!$B$2:$B$161,A15,'AI Test Cases'!$C$2:$C$161,B15) -> 3 | D15: =COUNTIFS('AI Test Cases'!$B$2:$B$161,A15,'AI Test Cases'!$C$2:$C$161,B15,'AI Test Cases'!$D$2:$D$161,"Positive") -> 1 | E15: =COUNTIFS('AI Test Cases'!$B$2:$B$161,A15,'AI Test Cases'!$C$2:$C$161,B15,'AI Test Cases'!$D$2:$D$161,"Negative") -> 1 | F15: =COUNTIFS('AI Test Cases'!$B$2:$B$161,A15,'AI Test Cases'!$C$2:$C$161,B15,'AI Test Cases'!$D$2:$D$161,"Edge") -> 1 | G15: =COUNTIFS('AI Test Cases'!$B$2:$B$161,A15,'AI Test Cases'!$C$2:$C$161,B15,'AI Test Cases'!$J$2:$J$161,"Pass") -> 0 | H15: =COUNTIFS('AI Test Cases'!$B$2:$B$161,A15,'AI Test Cases'!$C$2:$C$161,B15,'AI Test Cases'!$J$2:$J$161,"Fail") -> 0 | I15: =COUNTIFS('AI Test Cases'!$B$2:$B$161,A15,'AI Test Cases'!$C$2:$C$161,B15,'AI Test Cases'!$J$2:$J$161,"Blocked") -> 0 | J15: =COUNTIFS('AI Test Cases'!$B$2:$B$161,A15,'AI Test Cases'!$C$2:$C$161,B15,'AI Test Cases'!$J$2:$J$161,"Not Run") -> 3 | K15: =IF(G15+H15=0,0,G15/(G15+H15)) -> 0
A16: A. Generation - action steps | B16: SELECT | C16: =COUNTIFS('AI Test Cases'!$B$2:$B$161,A16,'AI Test Cases'!$C$2:$C$161,B16) -> 3 | D16: =COUNTIFS('AI Test Cases'!$B$2:$B$161,A16,'AI Test Cases'!$C$2:$C$161,B16,'AI Test Cases'!$D$2:$D$161,"Positive") -> 1 | E16: =COUNTIFS('AI Test Cases'!$B$2:$B$161,A16,'AI Test Cases'!$C$2:$C$161,B16,'AI Test Cases'!$D$2:$D$161,"Negative") -> 1 | F16: =COUNTIFS('AI Test Cases'!$B$2:$B$161,A16,'AI Test Cases'!$C$2:$C$161,B16,'AI Test Cases'!$D$2:$D$161,"Edge") -> 1 | G16: =COUNTIFS('AI Test Cases'!$B$2:$B$161,A16,'AI Test Cases'!$C$2:$C$161,B16,'AI Test Cases'!$J$2:$J$161,"Pass") -> 0 | H16: =COUNTIFS('AI Test Cases'!$B$2:$B$161,A16,'AI Test Cases'!$C$2:$C$161,B16,'AI Test Cases'!$J$2:$J$161,"Fail") -> 0 | I16: =COUNTIFS('AI Test Cases'!$B$2:$B$161,A16,'AI Test Cases'!$C$2:$C$161,B16,'AI Test Cases'!$J$2:$J$161,"Blocked") -> 0 | J16: =COUNTIFS('AI Test Cases'!$B$2:$B$161,A16,'AI Test Cases'!$C$2:$C$161,B16,'AI Test Cases'!$J$2:$J$161,"Not Run") -> 3 | K16: =IF(G16+H16=0,0,G16/(G16+H16)) -> 0
... A45: E. Agent at run time | B45: Runtime fidelity | C45: =COUNTIFS('AI Test Cases'!$B$2:$B$161,A45,'AI Test Cases'!$C$2:$C$161,B45) -> 5 | D45: =COUNTIFS('AI Test Cases'!$B$2:$B$161,A45,'AI Test Cases'!$C$2:$C$161,B45,'AI Test Cases'!$D$2:$D$161,"Positive") -> 1 | E45: =COUNTIFS('AI Test Cases'!$B$2:$B$161,A45,'AI Test Cases'!$C$2:$C$161,B45,'AI Test Cases'!$D$2:$D$161,"Negative") -> 1 | F45: =COUNTIFS('AI Test Cases'!$B$2:$B$161,A45,'AI Test Cases'!$C$2:$C$161,B45,'AI Test Cases'!$D$2:$D$161,"Edge") -> 3 | G45: =COUNTIFS('AI Test Cases'!$B$2:$B$161,A45,'AI Test Cases'!$C$2:$C$161,B45,'AI Test Cases'!$J$2:$J$161,"Pass") -> 0 | H45: =COUNTIFS('AI Test Cases'!$B$2:$B$161,A45,'AI Test Cases'!$C$2:$C$161,B45,'AI Test Cases'!$J$2:$J$161,"Fail") -> 0 | I45: =COUNTIFS('AI Test Cases'!$B$2:$B$161,A45,'AI Test Cases'!$C$2:$C$161,B45,'AI Test Cases'!$J$2:$J$161,"Blocked") -> 0 | J45: =COUNTIFS('AI Test Cases'!$B$2:$B$161,A45,'AI Test Cases'!$C$2:$C$161,B45,'AI Test Cases'!$J$2:$J$161,"Not Run") -> 5 | K45: =IF(G45+H45=0,0,G45/(G45+H45)) -> 0
A46: TOTAL | C46: =SUM(C5:C45) -> 160 | D46: =SUM(D5:D45) -> 41 | E46: =SUM(E5:E45) -> 36 | F46: =SUM(F5:F45) -> 83 | G46: =SUM(G5:G45) -> 0 | H46: =SUM(H5:H45) -> 0 | I46: =SUM(I5:I45) -> 0 | J46: =SUM(J5:J45) -> 160 | K46: =IF(G46+H46=0,0,G46/(G46+H46)) -> 0
A48: Generation accuracy (from filled-in counts)
A49: Steps in inputs (total) | B49: =SUM('AI Test Cases'!$K$2:$K$161) -> 0
A50: Steps generated (total) | B50: =SUM('AI Test Cases'!$L$2:$L$161) -> 0
A51: Steps missed (total) | B51: =SUM('AI Test Cases'!$M$2:$M$161) -> 0
A52: Extra steps (total) | B52: =SUM('AI Test Cases'!$N$2:$N$161) -> 0
A53: Recall: steps captured / steps in input | B53: =IF(B49=0,0,(B49-B51)/B49) -> 0
A54: Precision: correct steps / steps generated | B54: =IF(B50=0,0,(B50-B52)/B50) -> 0
A55: First-run success rate (Y / answered) | B55: =IF(COUNTIF('AI Test Cases'!$O$2:$O$161,"Y")+COUNTIF('AI Test Cases'!$O$2:$O$161,"N")=0,0,COUNTIF('AI Test Cases'!$O$2:$O$161,"Y")/(COUNTIF('AI Test Cases'!$O$2:$O$161,"Y")+COUNTIF('AI Test Cases'!$O$2:$O$161,"N"))) -> 0

Sheet AI Test Cases
A1: ID | B1: Section | C1: Area | D1: Type | E1: Input | F1: Scenario | G1: Expected output | H1: Failure signal | I1: Source | J1: Status | K1: Steps in input | L1: Steps generated | M1: Steps missed | N1: Extra steps | O1: Ran first time? (Y/N) | P1: Actual output / notes
A2: URL-P1 | B2: A. Generation - action steps | C2: URL (target definition) | D2: Positive | E2: Video | F2: Recording starts on the admin Users page and stays in the app. | G2: URL line equals the page where the recording starts. | H2: URL of a different page; URL missing. | I2: New | J2: Not Run
A3: URL-N1 | B3: A. Generation - action steps | C3: URL (target definition) | D3: Negative | E3: Video | F3: Recording shows the login page, typing credentials, then the admin page. | G3: URL is the first post-login page; no login FILL/CLICK steps in STEPS. | H3: Username/password steps generated; login URL used as the URL line. | I3: New | J3: Not Run
A4: URL-E1 | B4: A. Generation - action steps | C4: URL (target definition) | D4: Edge | E4: Video | F4: Start page has a hash route or query string (e.g. /ui/d/mysailpoint, ?tab=users). | G4: Full path, hash and query preserved exactly. | H4: Path truncated to the domain; query/hash dropped. | I4: New | J4: Not Run
A5: URL-E2 | B5: A. Generation - action steps | C5: URL (target definition) | D5: Edge | E5: Video | F5: Recording starts on the dashboard and navigates via menus to Users. | G5: URL = dashboard; menu clicks present as steps (or URL = Users page with no menu steps). Never both. | H5: Menu steps kept AND URL already set to the Users page (duplicate navigation). | I5: New | J5: Not Run
A6: CMP-P1 | B6: A. Generation - action steps | C6: Step completeness | D6: Positive | E6: Video | F6: Clean 12-action create-user flow ending on a confirmation screen. | G6: Exactly 12 steps, in recorded order, last step is the final Save/Confirm. | H6: Any action missing, extra, or out of order. | I6: New | J6: Not Run
A7: CMP-N1 | B7: A. Generation - action steps | C7: Step completeness | D7: Negative | E7: Video | F7: Recording has a jump-cut: 2 actions edited out of the middle. | G7: Visible actions only; gap flagged or left for review; nothing silently invented. | H7: Plausible-looking steps invented for the missing part without any signal. | I7: New | J7: Not Run
A8: CMP-E1 | B8: A. Generation - action steps | C8: Step completeness | D8: Edge | E8: Video | F8: Very fast actions: 3 clicks within 1 second. | G8: All 3 clicks present as separate steps. | H8: Clicks merged or dropped. | I8: New | J8: Not Run
A9: CMP-E2 | B9: A. Generation - action steps | C9: Step completeness | D9: Edge | E9: Video | F9: Long recording (close to 10 MB); the key Save click is in the last 3 seconds. | G9: Final Save step present. | H9: Recording tail ignored; flow ends before Save. | I9: New | J9: Not Run
A10: CMP-E3 | B10: A. Generation - action steps | C10: Step completeness | D10: Edge | E10: Video | F10: Multi-page wizard: Next, Next, Next, Finish. | G10: Every page's actions plus each Next/Finish click, in order. | H10: A wizard page skipped. | I10: New | J10: Not Run
A11: NOI-P1 | B11: A. Generation - action steps | C11: Noise filtering | D11: Positive | E11: Video | F11: Recorder opens the wrong menu, presses Back, then opens the right one. | G11: Only the correct path appears. | H11: Wrong menu click and Back navigation kept. | I11: New | J11: Not Run
A12: NOI-N1 | B12: A. Generation - action steps | C12: Noise filtering | D12: Negative | E12: Video | F12: Clean recording with no mistakes. | G12: No steps removed. | H12: Real steps dropped as 'noise'. | I12: New | J12: Not Run
A13: NOI-E1 | B13: A. Generation - action steps | C13: Noise filtering | D13: Edge | E13: Video | F13: Recorder switches to another browser tab (email) for 5 seconds, then returns. | G13: No steps from the other tab. | H13: Clicks in the email tab turned into steps. | I13: New | J13: Not Run
... A161: RUN-E9 | B161: E. Agent at run time | C161: Runtime conditions | D161: Edge | E161: redflow + live app | F161: UNTIL 'Refresh icon visible'; export completes after 3 refreshes. | G161: Stops after 3; continues. | H161: Stops after 1 or loops forever. | I161: New | J161: Not Run
